nombre,apellido,email
Michael,Jones,michael.jones2@example.com
Herbert,Davis,herbert.davis5@example.com
Christopher,Moore,christopher.moore44@example.com
April,Gonzalez,user8@example.com
Colton,Collins,user9@example.com
Joseph,Yang,user10@example.com
Michelle,Logan,user11@example.com
Mary,Pollard,user12@example.com
Gail,Harris,user13@example.com
Lauren,Fletcher,user14@example.com
Alan,Liu,user15@example.com
Douglas,Williams,user16@example.com
Daniel,Smith,user17@example.com
Christopher,Jensen,user18@example.com
Haley,Rodriguez,user19@example.com
Alexis,Cox,user20@example.com
Deborah,Davis,user21@example.com
Brenda,Reynolds,user22@example.com
Paul,Nash,user23@example.com
Steven,Parsons,user24@example.com
Adrian,Richards,user25@example.com
Kristin,Hall,user26@example.com
Gerald,Brown,user27@example.com
Susan,Freeman,user28@example.com
Gary,Thornton,user29@example.com
Joyce,Bailey,user30@example.com
Allison,Hill,user31@example.com
Teresa,Jones,teresa.jones70@example.com
Christopher,Lane,christopher.lane79@example.com
Michael,Wagner,michael.wagner87@example.com
Joseph,Moreno,joseph.moreno108@example.com
Joseph,Torres,joseph.torres109@example.com
Dustin,Bell,dustin.bell113@example.com
Richard,Lewis,richard.lewis122@example.com
Daniel,Smith,daniel.smith125@example.com
Mary,Glover,mary.glover144@example.com
Allison,Hill,allison@example.com
Jamie,Miller,user32@example.com
Kimberly,Johnson,user33@example.com
Elizabeth,Smith,user34@example.com
Shelly,Estes,user35@example.com
Jacob,Williams,user36@example.com
Roberto,Chang,user37@example.com
Karen,Smith,user38@example.com
Anthony,Hernandez,user39@example.com
Breanna,Watts,user40@example.com
Nicholas,Marshall,user41@example.com
Christopher,Bowen,user42@example.com
Nicole,Thompson,user43@example.com
Anna,Russell,user44@example.com
Donna,King,user45@example.com
Denise,Byrd,user46@example.com
Michael,Robinson,user47@example.com
Daniel,Harrison,user48@example.com
Jason,Sellers,user49@example.com
Stephanie,Torres,user50@example.com
Kristin,Randall,user51@example.com
Bradley,Nguyen,user52@example.com
Lance,Rice,user53@example.com
Paul,Perkins,user54@example.com
Joseph,Mason,joseph.mason173@example.com
Tina,Webster,tina.webster175@example.com
